PLAYER,SCORE
m660z172,9
a511v637,8
l469o985,8
m737v695,8
m385k62,8
p361m254,7
p979q530,7
g664l86,6
f281d432,6
f263e492,6
j217h483,5
f430v803,5
h200v574,5
k42c754,5
v236g954,5
1,5
d958.08276e,5
m381v562,5
3,4
m104.0n409.0,4
e247v127,4
h914.0g756.0,4
s560e580,3
i814m16,3
2,3
2,3
e252.32568f,3
x313.0j925.0,3
p172s330,3
q30m549,24
r892.0d995.0,2
y983.0v756.0,2
c245.21315n,2
i509g512,2
j183.0t977.0,2
w444t767,2
n954u481,14
s151d468,11
m485d141,0
h956.0f125.0,0
r912.83417u679.01636,-1
